{
    "batchName": "Maxwell",
    "batchTime": 1656316531,
    "boardConf": "IR-C00M01-00",
    "boardCustom": "",
    "boardName": "DM9098",
    "boardOptions": 4,
    "boardRev": "R6M2E6",
    "cameraData": [
        [
            0,
            {
                "cameraType": 0,
                "distortionCoeff": [
                    20.584537506103516,
                    -172.71282958984375,
                    0.0004212734929751605,
                    0.001814171439036727,
                    381.9335632324219,
                    20.076974868774414,
                    -169.50685119628906,
                    375.51080322265625,
                    0.0,
                    0.0,
                    0.0,
                    0.0,
                    0.0,
                    0.0
                ],
                "extrinsics": {
                    "rotationMatrix": [
                        [
                            0.0,
                            0.0,
                            0.0
                        ],
                        [
                            0.0,
                            0.0,
                            0.0
                        ],
                        [
                            0.0,
                            0.0,
                            0.0
                        ]
                    ],
                    "specTranslation": {
                        "x": -0.0,
                        "y": -0.0,
                        "z": -0.0
                    },
                    "toCameraSocket": -1,
                    "translation": {
                        "x": 0.0,
                        "y": 0.0,
                        "z": 0.0
                    }
                },
                "height": 2160,
                "intrinsicMatrix": [
                    [
                        3045.467041015625,
                        0.0,
                        1975.6280517578125
                    ],
                    [
                        0.0,
                        3045.467041015625,
                        1085.8253173828125
                    ],
                    [
                        0.0,
                        0.0,
                        1.0
                    ]
                ],
                "lensPosition": 0,
                "specHfovDeg": 68.7938003540039,
                "width": 3840
            }
        ],
        [
            1,
            {
                "cameraType": 0,
                "distortionCoeff": [
                    7.830601692199707,
                    4.028306484222412,
                    0.0017936174990609288,
                    -0.000111202614789363,
                    -23.928998947143555,
                    7.491654396057129,
                    5.249985694885254,
                    -24.977462768554688,
                    0.0,
                    0.0,
                    0.0,
                    0.0,
                    0.0,
                    0.0
                ],
                "extrinsics": {
                    "rotationMatrix": [
                        [
                            0.9998398423194885,
                            -0.010317184031009674,
                            -0.014624429866671562
                        ],
                        [
                            0.01033054105937481,
                            0.9999462962150574,
                            0.0008381017250940204
                        ],
                        [
                            0.014614997431635857,
                            -0.0009890457149595022,
                            0.9998927116394043
                        ]
                    ],
                    "specTranslation": {
                        "x": -7.5,
                        "y": 0.0,
                        "z": 0.0
                    },
                    "toCameraSocket": 2,
                    "translation": {
                        "x": -7.434751510620117,
                        "y": -0.0006626986432820559,
                        "z": -0.0315997488796711
                    }
                },
                "height": 800,
                "intrinsicMatrix": [
                    [
                        797.2235107421875,
                        0.0,
                        648.1842651367188
                    ],
                    [
                        0.0,
                        797.2235107421875,
                        395.0897216796875
                    ],
                    [
                        0.0,
                        0.0,
                        1.0
                    ]
                ],
                "lensPosition": 0,
                "specHfovDeg": 71.86000061035156,
                "width": 1280
            }
        ],
        [
            2,
            {
                "cameraType": 0,
                "distortionCoeff": [
                    -5.29824686050415,
                    61.505863189697266,
                    0.0015983148477971554,
                    0.0010874371509999037,
                    -15.72895336151123,
                    -5.36740779876709,
                    61.21691131591797,
                    -14.607635498046875,
                    0.0,
                    0.0,
                    0.0,
                    0.0,
                    0.0,
                    0.0
                ],
                "extrinsics": {
                    "rotationMatrix": [
                        [
                            0.9999381303787231,
                            0.010093874298036098,
                            0.00467829080298543
                        ],
                        [
                            -0.010101111605763435,
                            0.9999478459358215,
                            0.0015259961364790797
                        ],
                        [
                            -0.004662643186748028,
                            -0.0015731576131656766,
                            0.9999879002571106
                        ]
                    ],
                    "specTranslation": {
                        "x": 3.75,
                        "y": 0.0,
                        "z": 0.0
                    },
                    "toCameraSocket": 0,
                    "translation": {
                        "x": 3.683307647705078,
                        "y": -0.049439992755651474,
                        "z": -0.21637843549251556
                    }
                },
                "height": 800,
                "intrinsicMatrix": [
                    [
                        795.2443237304688,
                        0.0,
                        636.8509521484375
                    ],
                    [
                        0.0,
                        795.2443237304688,
                        399.5144958496094
                    ],
                    [
                        0.0,
                        0.0,
                        1.0
                    ]
                ],
                "lensPosition": 0,
                "specHfovDeg": 71.86000061035156,
                "width": 1280
            }
        ]
    ],
    "hardwareConf": "F1-FV00-BC001",
    "imuExtrinsics": {
        "rotationMatrix": [
            [
                0.0,
                0.0,
                0.0
            ],
            [
                0.0,
                0.0,
                0.0
            ],
            [
                0.0,
                0.0,
                0.0
            ]
        ],
        "specTranslation": {
            "x": 0.0,
            "y": 0.0,
            "z": 0.0
        },
        "toCameraSocket": -1,
        "translation": {
            "x": 0.0,
            "y": 0.0,
            "z": 0.0
        }
    },
    "miscellaneousData": [],
    "productName": "OAK-D Pro FF",
    "stereoRectificationData": {
        "leftCameraSocket": 1,